{"cameraMode":{"drawMode":0,"name":"Shaded","section":"Shading Mode"},"sceneLighting":true,"audioPlay":false,"sceneViewState":{"showFog":true,"showMaterialUpdate":false,"showSkybox":true,"showFlares":true,"showImageEffects":true,"showParticleSystems":true},"in2DMode":false,"pivot":{"x":-1.8338253498077393,"y":-8.819727897644043,"z":3.318723201751709},"rotation":{"x":-0.038326211273670199,"y":0.7479659914970398,"z":-0.661209762096405,"w":-0.0433550588786602},"size":25.607648849487306,"orthographic":false}