{"cameraMode":{"drawMode":0,"name":"Shaded","section":"Shading Mode"},"sceneLighting":false,"audioPlay":false,"sceneViewState":{"showFog":true,"showMaterialUpdate":false,"showSkybox":false,"showFlares":true,"showImageEffects":true,"showParticleSystems":true},"in2DMode":false,"pivot":{"x":0.008551707491278649,"y":-0.0021047797054052355,"z":0.005069268401712179},"rotation":{"x":-0.030596395954489709,"y":-0.8538928627967835,"z":0.5170863270759583,"w":-0.050524599850177768},"size":0.8715767860412598,"orthographic":false}