{"cameraMode":{"drawMode":0,"name":"Shaded","section":"Shading Mode"},"sceneLighting":false,"audioPlay":false,"sceneViewState":{"showFog":true,"showMaterialUpdate":false,"showSkybox":false,"showFlares":true,"showImageEffects":true,"showParticleSystems":true},"in2DMode":false,"pivot":{"x":-0.18733561038970948,"y":-0.059010982513427737,"z":0.12008559703826904},"rotation":{"x":-0.5134920477867127,"y":-0.23752309381961823,"z":0.1504407376050949,"w":-0.810725748538971},"size":3.897378444671631,"orthographic":false}